"Id","Path","Slice Name","Alias(s)","Label","Min","Max","Must Support?","Is Modifier?","Is Summary?","Type(s)","Short","Definition","Comments","Requirements","Default Value","Meaning When Missing","Fixed Value","Pattern","Example","Minimum Value","Maximum Value","Maximum Length","Binding Strength","Binding Description","Binding Value Set","Code","Slicing Discriminator","Slicing Description","Slicing Ordered","Slicing Rules","Base Path","Base Min","Base Max","Condition(s)","Constraint(s)","Mapping: Modèle de contenu DUI","Mapping: HL7 v2 Mapping","Mapping: RIM Mapping","Mapping: FiveWs Pattern Mapping"
"Goal","Goal","","","",0,*,"","","","null {[]} {[]}
","Describes the intended objective(s) for a patient, group or organization","Describes the intended objective(s) for a patient, group or organization care, for example, weight loss, restoring an activity of daily living, obtaining herd immunity via immunization, meeting a process improvement objective, etc.","Goal can be achieving a particular change or merely maintaining a current state or even slowing a decline.","","","","","","","","",,,,,"",,,,"Goal",0,*,"","dom-2:If the resource is contained in another resource, it SHALL NOT contain nested Resources {contained.contained.empty()}
dom-3:If the resource is contained in another resource, it SHALL be referred to from elsewhere in the resource or SHALL refer to the containing resource {contained.where((('#'+id in (%resource.descendants().reference | %resource.descendants().as(canonical) | %resource.descendants().as(uri) | %resource.descendants().as(url))) or descendants().where(reference = '#').exists() or descendants().where(as(canonical) = '#').exists() or descendants().where(as(canonical) = '#').exists()).not()).trace('unmatched', id).empty()}dom-4:If a resource is contained in another resource, it SHALL NOT have a meta.versionId or a meta.lastUpdated {contained.meta.versionId.empty() and contained.meta.lastUpdated.empty()}dom-5:If a resource is contained in another resource, it SHALL NOT have a security label {contained.meta.security.empty()}dom-6:A resource should have narrative for robust management {text.`div`.exists()}","Objectif","GOL.1","Entity. Role, or Act",".outboundRelationship[typeCode<=OBJ]."
"Goal.id","Goal.id","","","",0,1,"","","Y","id {[]} {[]}
","Logical id of this artifact","The logical id of the resource, as used in the URL for the resource. Once assigned, this value never changes.","The only time that a resource does not have an id is when it is being submitted to the server using a create operation.","","","","","","","","",,,,,"",,,,"Resource.id",0,1,"",""
"Goal.meta","Goal.meta","","","",0,1,"","","Y","Meta {[]} {[]}
","Metadata about the resource","The metadata about the resource. This is content that is maintained by the infrastructure. Changes to the content might not always be associated with version changes to the resource.","","","","","","","","","",,,,,"",,,,"Resource.meta",0,1,"","ele-1:All FHIR elements must have a @value or children {hasValue() or (children().count() > id.count())}
"
"Goal.meta.id","Goal.meta.id","","","",0,1,"","","","string {[]} {[]}
","Unique id for inter-element referencing","Unique id for the element within a resource (for internal references). This may be any string value that does not contain spaces.","","","","","","","","","",,,,,"",,,,"Element.id",0,1,"","","n/a"
"Goal.meta.extension","Goal.meta.extension","","extensions
user content","",0,*,"","","","Extension {[]} {[]}
","Additional content defined by implementations","May be used to represent additional information that is not part of the basic definition of the element. To make the use of extensions safe and manageable, there is a strict set of governance  applied to the definition and use of extensions. Though any implementer can define an extension, there is a set of requirements that SHALL be met as part of the definition of the extension.","There can be no stigma associated with the use of extensions by any application, project, or standard - regardless of the institution or jurisdiction that uses or defines the extensions.  The use of extensions is what allows the FHIR specification to retain a core level of simplicity for everyone.","","","","","","","","",,,,,"","value:url}
","Extensions are always sliced by (at least) url",,"open","Element.extension",0,*,"","ele-1:All FHIR elements must have a @value or children {hasValue() or (children().count() > id.count())}
ext-1:Must have either extensions or value[x], not both {extension.exists() != value.exists()}","n/a"
"Goal.meta.versionId","Goal.meta.versionId","","","",0,1,"","","Y","id {[]} {[]}
","Version specific identifier","The version specific identifier, as it appears in the version portion of the URL. This value changes when the resource is created, updated, or deleted.","The server assigns this value, and ignores what the client specifies, except in the case that the server is imposing version integrity on updates/deletes.","","","","","","","","",,,,,"",,,,"Meta.versionId",0,1,"","ele-1:All FHIR elements must have a @value or children {hasValue() or (children().count() > id.count())}
"
"Goal.meta.lastUpdated","Goal.meta.lastUpdated","","","",0,1,"","","Y","instant {[]} {[]}
","When the resource version last changed","When the resource last changed - e.g. when the version changed.","This value is always populated except when the resource is first being created. The server / resource manager sets this value; what a client provides is irrelevant. This is equivalent to the HTTP Last-Modified and SHOULD have the same value on a [read](http://hl7.org/fhir/R4/http.html#read) interaction.","","","","","","","","",,,,,"",,,,"Meta.lastUpdated",0,1,"","ele-1:All FHIR elements must have a @value or children {hasValue() or (children().count() > id.count())}
","statutObjectif.dateStatut"
"Goal.meta.source","Goal.meta.source","","","",0,1,"","","Y","uri {[]} {[]}
","Identifies where the resource comes from","A uri that identifies the source system of the resource. This provides a minimal amount of [Provenance](http://hl7.org/fhir/R4/provenance.html#) information that can be used to track or differentiate the source of information in the resource. The source may identify another FHIR server, document, message, database, etc.","In the provenance resource, this corresponds to Provenance.entity.what[x]. The exact use of the source (and the implied Provenance.entity.role) is left to implementer discretion. Only one nominated source is allowed; for additional provenance details, a full Provenance resource should be used. 

This element can be used to indicate where the current master source of a resource that has a canonical URL if the resource is no longer hosted at the canonical URL.","","","","","","","","",,,,,"",,,,"Meta.source",0,1,"","ele-1:All FHIR elements must have a @value or children {hasValue() or (children().count() > id.count())}
"
"Goal.meta.profile","Goal.meta.profile","","","",0,*,"","","Y","canonical {[]} {[CanonicalType[http://hl7.org/fhir/StructureDefinition/StructureDefinition|4.0.1]]}
","Profiles this resource claims to conform to","A list of profiles (references to [StructureDefinition](http://hl7.org/fhir/R4/structuredefinition.html#) resources) that this resource claims to conform to. The URL is a reference to [StructureDefinition.url](http://hl7.org/fhir/R4/structuredefinition-definitions.html#StructureDefinition.url).","It is up to the server and/or other infrastructure of policy to determine whether/how these claims are verified and/or updated over time.  The list of profile URLs is a set.","","","","","","","","",,,,,"",,,,"Meta.profile",0,*,"","ele-1:All FHIR elements must have a @value or children {hasValue() or (children().count() > id.count())}
"
"Goal.meta.security","Goal.meta.security","","","",0,*,"","","Y","Coding {[]} {[]}
","Security Labels applied to this resource","Security labels applied to this resource. These tags connect specific resources to the overall security policy and infrastructure.","The security labels can be updated without changing the stated version of the resource. The list of security labels is a set. Uniqueness is based the system/code, and version and display are ignored.","","","","","","","","",,"extensible","Security Labels from the Healthcare Privacy and Security Classification System.","http://hl7.org/fhir/ValueSet/security-labels|4.0.1","",,,,"Meta.security",0,*,"","ele-1:All FHIR elements must have a @value or children {hasValue() or (children().count() > id.count())}
"
"Goal.meta.tag","Goal.meta.tag","","","",0,*,"","","Y","Coding {[]} {[]}
","Tags applied to this resource","Tags applied to this resource. Tags are intended to be used to identify and relate resources to process and workflow, and applications are not required to consider the tags when interpreting the meaning of a resource.","The tags can be updated without changing the stated version of the resource. The list of tags is a set. Uniqueness is based the system/code, and version and display are ignored.","","","","","","","","",,"example","Codes that represent various types of tags, commonly workflow-related; e.g. ""Needs review by Dr. Jones"".","http://hl7.org/fhir/ValueSet/common-tags|4.0.1","",,,,"Meta.tag",0,*,"","ele-1:All FHIR elements must have a @value or children {hasValue() or (children().count() > id.count())}
"
"Goal.implicitRules","Goal.implicitRules","","","",0,1,"","Y","Y","uri {[]} {[]}
","A set of rules under which this content was created","A reference to a set of rules that were followed when the resource was constructed, and which must be understood when processing the content. Often, this is a reference to an implementation guide that defines the special rules along with other profiles etc.","Asserting this rule set restricts the content to be only understood by a limited set of trading partners. This inherently limits the usefulness of the data in the long term. However, the existing health eco-system is highly fractured, and not yet ready to define, collect, and exchange data in a generally computable sense. Wherever possible, implementers and/or specification writers should avoid using this element. Often, when used, the URL is a reference to an implementation guide that defines these special rules as part of it's narrative along with other profiles, value sets, etc.","","","","","","","","",,,,,"",,,,"Resource.implicitRules",0,1,"","ele-1:All FHIR elements must have a @value or children {hasValue() or (children().count() > id.count())}
"
"Goal.language","Goal.language","","","",0,1,"","","","code {[]} {[]}
","Language of the resource content","The base language in which the resource is written.","Language is provided to support indexing and accessibility (typically, services such as text to speech use the language tag). The html language tag in the narrative applies  to the narrative. The language tag on the resource may be used to specify the language of other presentations generated from the data in the resource. Not all the content has to be in the base language. The Resource.language should not be assumed to apply to the narrative automatically. If a language is specified, it should it also be specified on the div element in the html (see rules in HTML5 for information about the relationship between xml:lang and the html lang attribute).","","","","","","","","",,"preferred","A human language.","http://hl7.org/fhir/ValueSet/languages|4.0.1","",,,,"Resource.language",0,1,"","ele-1:All FHIR elements must have a @value or children {hasValue() or (children().count() > id.count())}
"
"Goal.text","Goal.text","","narrative
htmlxhtmldisplay","",0,1,"","","","Narrative {[]} {[]}
","Text summary of the resource, for human interpretation","A human-readable narrative that contains a summary of the resource and can be used to represent the content of the resource to a human. The narrative need not encode all the structured data, but is required to contain sufficient detail to make it ""clinically safe"" for a human to just read the narrative. Resource definitions may define what content should be represented in the narrative to ensure clinical safety.","Contained resources do not have narrative. Resources that are not contained SHOULD have a narrative. In some cases, a resource may only have text with little or no additional discrete data (as long as all minOccurs=1 elements are satisfied).  This may be necessary for data from legacy systems where information is captured as a ""text blob"" or where text is additionally entered raw or narrated and encoded information is added later.","","","","","","","","",,,,,"",,,,"DomainResource.text",0,1,"","ele-1:All FHIR elements must have a @value or children {hasValue() or (children().count() > id.count())}
","Act.text?"
"Goal.contained","Goal.contained","","inline resources
anonymous resourcescontained resources","",0,*,"","","","Resource {[]} {[]}
","Contained, inline Resources","These resources do not have an independent existence apart from the resource that contains them - they cannot be identified independently, and nor can they have their own independent transaction scope.","This should never be done when the content can be identified properly, as once identification is lost, it is extremely difficult (and context dependent) to restore it again. Contained resources may have profiles and tags In their meta elements, but SHALL NOT have security labels.","","","","","","","","",,,,,"",,,,"DomainResource.contained",0,*,"","","N/A"
"Goal.extension","Goal.extension","","","",1,*,"","","","Extension {[]} {[]}
","Extension","An Extension","","","","","","","","","",,,,,"","value:url}
","",,"open","DomainResource.extension",0,*,"","ele-1:All FHIR elements must have a @value or children {hasValue() or (children().count() > id.count())}
ext-1:Must have either extensions or value[x], not both {extension.exists() != value.exists()}"
"Goal.extension:referenceEvaluation","Goal.extension","referenceEvaluation","","",0,*,"","","","Extension {[CanonicalType[https://interop.esante.gouv.fr/ig/fhir/tddui/StructureDefinition/tddui-evaluation-reference|2.2.0-ballot]]} {[]}
","Lien vers l'évaluation","Liens vers l'évaluation, utilisables dans le profil TDDUIGoalObjectif.","","","","","","","","","",,,,,"",,,,"DomainResource.extension",0,*,"ele-1
","ele-1:All FHIR elements must have a @value or children {hasValue() or (children().count() > id.count())}
ext-1:Must have either extensions or value[x], not both {extension.exists() != value.exists()}","evaluationObjectif"
"Goal.extension:referenceProjetPerso","Goal.extension","referenceProjetPerso","","",1,1,"","","","Extension {[CanonicalType[https://interop.esante.gouv.fr/ig/fhir/tddui/StructureDefinition/tddui-careplan-reference|2.2.0-ballot]]} {[]}
","Lien vers le projet personnalisé","Liens vers le projet personnalisé, utilisables dans le profil TDDUIGoalObjectif.","","","","","","","","","",,,,,"",,,,"DomainResource.extension",0,*,"ele-1
","ele-1:All FHIR elements must have a @value or children {hasValue() or (children().count() > id.count())}
ext-1:Must have either extensions or value[x], not both {extension.exists() != value.exists()}","ProjetPersonnalise"
"Goal.extension:pieceJointeObjectif","Goal.extension","pieceJointeObjectif","","",0,*,"","","","Extension {[CanonicalType[https://interop.esante.gouv.fr/ig/fhir/tddui/StructureDefinition/tddui-attachment|2.2.0-ballot]]} {[]}
","Pièce jointe","Extension permettant de véhiculer des pièces jointes que ce soit pour l'évaluation, l'évènement ou le projet personnalisé. L'extension référence le profil PDSm_SimplifiedPublish.","","","","","","","","","",,,,,"",,,,"DomainResource.extension",0,*,"ele-1
","ele-1:All FHIR elements must have a @value or children {hasValue() or (children().count() > id.count())}
ext-1:Must have either extensions or value[x], not both {extension.exists() != value.exists()}"
"Goal.modifierExtension","Goal.modifierExtension","","extensions
user content","",0,*,"","Y","","Extension {[]} {[]}
","Extensions that cannot be ignored","May be used to represent additional information that is not part of the basic definition of the resource and that modifies the understanding of the element that contains it and/or the understanding of the containing element's descendants. Usually modifier elements provide negation or qualification. To make the use of extensions safe and manageable, there is a strict set of governance applied to the definition and use of extensions. Though any implementer is allowed to define an extension, there is a set of requirements that SHALL be met as part of the definition of the extension. Applications processing a resource are required to check for modifier extensions.

Modifier extensions SHALL NOT change the meaning of any elements on Resource or DomainResource (including cannot change the meaning of modifierExtension itself).","There can be no stigma associated with the use of extensions by any application, project, or standard - regardless of the institution or jurisdiction that uses or defines the extensions.  The use of extensions is what allows the FHIR specification to retain a core level of simplicity for everyone.","Modifier extensions allow for extensions that *cannot* be safely ignored to be clearly distinguished from the vast majority of extensions which can be safely ignored.  This promotes interoperability by eliminating the need for implementers to prohibit the presence of extensions. For further information, see the [definition of modifier extensions](http://hl7.org/fhir/R4/extensibility.html#modifierExtension).","","","","","","","",,,,,"",,,,"DomainResource.modifierExtension",0,*,"","ele-1:All FHIR elements must have a @value or children {hasValue() or (children().count() > id.count())}
ext-1:Must have either extensions or value[x], not both {extension.exists() != value.exists()}","N/A"
"Goal.identifier","Goal.identifier","","","",1,1,"","","","Identifier {[]} {[]}
","Identifiant de l'objectif","Business identifiers assigned to this goal by the performer or other systems which remain constant as the resource is updated and propagates from server to server.","This is a business identifier, not a resource identifier (see [discussion](http://hl7.org/fhir/R4/resource.html#identifiers)).  It is best practice for the identifier to only appear on a single resource instance, however business practices may occasionally dictate that multiple resource instances with the same identifier can exist - possibly even with different resource types.  For example, multiple Patient and a Person resource instance might share the same social insurance number.","Allows identification of the goal as it is known by various participating systems and in a way that remains consistent across servers.","","","","","","","",,,,,"",,,,"Goal.identifier",0,*,"","ele-1:All FHIR elements must have a @value or children {hasValue() or (children().count() > id.count())}
","idObjectif",".id","FiveWs.identifier"
"Goal.identifier.id","Goal.identifier.id","","","",0,1,"","","","string {[]} {[]}
","Unique id for inter-element referencing","Unique id for the element within a resource (for internal references). This may be any string value that does not contain spaces.","","","","","","","","","",,,,,"",,,,"Element.id",0,1,"","","n/a"
"Goal.identifier.extension","Goal.identifier.extension","","extensions
user content","",0,*,"","","","Extension {[]} {[]}
","Additional content defined by implementations","May be used to represent additional information that is not part of the basic definition of the element. To make the use of extensions safe and manageable, there is a strict set of governance  applied to the definition and use of extensions. Though any implementer can define an extension, there is a set of requirements that SHALL be met as part of the definition of the extension.","There can be no stigma associated with the use of extensions by any application, project, or standard - regardless of the institution or jurisdiction that uses or defines the extensions.  The use of extensions is what allows the FHIR specification to retain a core level of simplicity for everyone.","","","","","","","","",,,,,"","value:url}
","Extensions are always sliced by (at least) url",,"open","Element.extension",0,*,"","ele-1:All FHIR elements must have a @value or children {hasValue() or (children().count() > id.count())}
ext-1:Must have either extensions or value[x], not both {extension.exists() != value.exists()}","n/a"
"Goal.identifier.use","Goal.identifier.use","","","",0,1,"","Y","Y","code {[]} {[]}
","usual | official | temp | secondary | old (If known)","The purpose of this identifier.","Applications can assume that an identifier is permanent unless it explicitly says that it is temporary.","Allows the appropriate identifier for a particular context of use to be selected from among a set of identifiers.","","","","","","","",,"required","Identifies the purpose for this identifier, if known .","http://hl7.org/fhir/ValueSet/identifier-use|4.0.1","",,,,"Identifier.use",0,1,"","ele-1:All FHIR elements must have a @value or children {hasValue() or (children().count() > id.count())}
","N/A","Role.code or implied by context"
"Goal.identifier.type","Goal.identifier.type","","","",0,1,"","","Y","CodeableConcept {[]} {[]}
","Description of identifier","A coded type for the identifier that can be used to determine which identifier to use for a specific purpose.","This element deals only with general categories of identifiers.  It SHOULD not be used for codes that correspond 1..1 with the Identifier.system. Some identifiers may fall into multiple categories due to common usage.   Where the system is known, a type is unnecessary because the type is always part of the system definition. However systems often need to handle identifiers where the system is not known. There is not a 1:1 relationship between type and system, since many different systems have the same type.","Allows users to make use of identifiers when the identifier system is not known.","","","","","","","",,"extensible","A coded type for an identifier that can be used to determine which identifier to use for a specific purpose.","http://hl7.org/fhir/ValueSet/identifier-type|4.0.1","",,,,"Identifier.type",0,1,"","ele-1:All FHIR elements must have a @value or children {hasValue() or (children().count() > id.count())}
","CX.5","Role.code or implied by context"
"Goal.identifier.system","Goal.identifier.system","","","",1,1,"","","Y","uri {[]} {[]}
","The namespace for the identifier value","Establishes the namespace for the value - that is, a URL that describes a set values that are unique.","Identifier.system is always case sensitive.","There are many sets  of identifiers.  To perform matching of two identifiers, we need to know what set we're dealing with. The system identifies a particular set of unique identifiers.","","","","<valueUri xmlns=""http://hl7.org/fhir"" value=""https://identifiant-medicosocial-objectif.esante.gouv.fr""/>","<valueUri xmlns=""http://hl7.org/fhir"" value=""http://www.acme.com/identifiers/patient""/>","","",,,,,"",,,,"Identifier.system",0,1,"","ele-1:All FHIR elements must have a @value or children {hasValue() or (children().count() > id.count())}
","CX.4 / EI-2-4","II.root or Role.id.root"
"Goal.identifier.value","Goal.identifier.value","","","",1,1,"","","Y","string {[]} {[]}
","The value that is unique","The portion of the identifier typically relevant to the user and which is unique within the context of the system.","If the value is a full URI, then the system SHALL be urn:ietf:rfc:3986.  The value's primary purpose is computational mapping.  As a result, it may be normalized for comparison purposes (e.g. removing non-significant whitespace, dashes, etc.)  A value formatted for human display can be conveyed using the [Rendered Value extension](http://hl7.org/fhir/R4/extension-rendered-value.html). Identifier.value is to be treated as case sensitive unless knowledge of the Identifier.system allows the processer to be confident that non-case-sensitive processing is safe.","","","","","","<valueString xmlns=""http://hl7.org/fhir"" value=""123456""/>","","",,,,,"",,,,"Identifier.value",0,1,"","ele-1:All FHIR elements must have a @value or children {hasValue() or (children().count() > id.count())}
","CX.1 / EI.1","II.extension or II.root if system indicates OID or GUID (Or Role.id.extension or root)"
"Goal.identifier.period","Goal.identifier.period","","","",0,1,"","","Y","Period {[]} {[]}
","Time period when id is/was valid for use","Time period during which identifier is/was valid for use.","","","","","","","","","",,,,,"",,,,"Identifier.period",0,1,"","ele-1:All FHIR elements must have a @value or children {hasValue() or (children().count() > id.count())}
","CX.7 + CX.8","Role.effectiveTime or implied by context"
"Goal.identifier.assigner","Goal.identifier.assigner","","","",0,1,"","","Y","Reference {[]} {[CanonicalType[http://hl7.org/fhir/StructureDefinition/Organization|4.0.1]]}
","Organization that issued id (may be just text)","Organization that issued/manages the identifier.","The Identifier.assigner may omit the .reference element and only contain a .display element reflecting the name or other textual information about the assigning organization.","","","","","","","","",,,,,"",,,,"Identifier.assigner",0,1,"","ele-1:All FHIR elements must have a @value or children {hasValue() or (children().count() > id.count())}
","CX.4 / (CX.4,CX.9,CX.10)","II.assigningAuthorityName but note that this is an improper use by the definition of the field.  Also Role.scoper"
"Goal.lifecycleStatus","Goal.lifecycleStatus","","","",1,1,"","Y","Y","code {[]} {[]}
","Correspondance des statuts métier avec les codes FHIR : ENPREPARATION → planned, ACTIF → active, TERMINE → completed, ANNULE → cancelled.","The state of the goal throughout its lifecycle.","This element is labeled as a modifier because the lifecycleStatus contains codes that mark the resource as not currently valid.","Allows knowing whether goal needs to be further tracked.","","","","","","","",,"required","Codes that reflect the current state of a goal and whether the goal is still being targeted.","http://hl7.org/fhir/ValueSet/goal-status|4.0.1","",,,,"Goal.lifecycleStatus",1,1,"","ele-1:All FHIR elements must have a @value or children {hasValue() or (children().count() > id.count())}
","statutObjectif.statut","GOL-18-goal life cycle status",".statusCode in-progress = active (classCode = OBJ) cancelled = aborted","FiveWs.status"
"Goal.lifecycleStatus.id","Goal.lifecycleStatus.id","","","",0,1,"","","","string {[]} {[]}
","xml:id (or equivalent in JSON)","unique id for the element within a resource (for internal references)","","","","","","","","","",,,,,"",,,,"Element.id",0,1,"",""
"Goal.lifecycleStatus.extension","Goal.lifecycleStatus.extension","","","",0,*,"","","","Extension {[]} {[]}
","Extension","An Extension","","","","","","","","","",,,,,"","value:url}
","",,"open","Element.extension",0,*,"","ele-1:All FHIR elements must have a @value or children {hasValue() or (children().count() > id.count())}
ext-1:Must have either extensions or value[x], not both {extension.exists() != value.exists()}"
"Goal.lifecycleStatus.extension:auteurStatut","Goal.lifecycleStatus.extension","auteurStatut","","",0,1,"","","","Extension {[CanonicalType[https://interop.esante.gouv.fr/ig/fhir/tddui/StructureDefinition/tddui-status-author|2.2.0-ballot]]} {[]}
","TDDUI Auteur statut","Extension permettant de représenter la profession du professionnel.","","","","","","","","","",,,,,"",,,,"Element.extension",0,*,"ele-1
","ele-1:All FHIR elements must have a @value or children {hasValue() or (children().count() > id.count())}
ext-1:Must have either extensions or value[x], not both {extension.exists() != value.exists()}","statutObjectif.auteur"
"Goal.lifecycleStatus.value","Goal.lifecycleStatus.value","","","",0,1,"","","","string {[]} {[]}
","Primitive value for code","Primitive value for code","","","","","","","","","",,,,,"",,,,"string.value",0,1,"",""
"Goal.achievementStatus","Goal.achievementStatus","","","",0,1,"","","Y","CodeableConcept {[]} {[]}
","in-progress | improving | worsening | no-change | achieved | sustaining | not-achieved | no-progress | not-attainable","Describes the progression, or lack thereof, towards the goal against the target.","","","","","","","","","",,"preferred","Indicates the progression, or lack thereof, towards the goal against the target.","http://hl7.org/fhir/ValueSet/goal-achievement|4.0.1","",,,,"Goal.achievementStatus",0,1,"","ele-1:All FHIR elements must have a @value or children {hasValue() or (children().count() > id.count())}
",".statusCode achieved = complete sustaining = active"
"Goal.category","Goal.category","","","",0,*,"","","Y","CodeableConcept {[]} {[]}
","E.g. Treatment, dietary, behavioral, etc.","Indicates a category the goal falls within.","","Allows goals to be filtered and sorted.","","","","","","","",,"example","Codes for grouping and sorting goals.","http://hl7.org/fhir/ValueSet/goal-category|4.0.1","",,,,"Goal.category",0,*,"","ele-1:All FHIR elements must have a @value or children {hasValue() or (children().count() > id.count())}
","domaineObjectif","FiveWs.class"
"Goal.priority","Goal.priority","","","",0,1,"","","Y","CodeableConcept {[]} {[]}
","high-priority | medium-priority | low-priority","Identifies the mutually agreed level of importance associated with reaching/sustaining the goal.","Extensions are available to track priorities as established by each participant (i.e. Priority from the patient's perspective, different practitioners' perspectives, family member's perspectives)The ordinal extension on Coding can be used to convey a numerically comparable ranking to priority.  (Keep in mind that different coding systems may use a ""low value=important"".","Used for sorting and presenting goals.","","","","","","","",,"preferred","The level of importance associated with a goal.","http://hl7.org/fhir/ValueSet/goal-priority|4.0.1","",,,,"Goal.priority",0,1,"","ele-1:All FHIR elements must have a @value or children {hasValue() or (children().count() > id.count())}
",".priorityCode","FiveWs.grade"
"Goal.description","Goal.description","","","",1,1,"","","Y","CodeableConcept {[]} {[]}
","Code or text describing goal","Human-readable and/or coded description of a specific desired objective of care, such as ""control blood pressure"" or ""negotiate an obstacle course"" or ""dance with child at wedding"".","If no code is available, use CodeableConcept.text.","Without a description of what's trying to be achieved, element has no purpose.","","","","","","","",,"example","Codes providing the details of a particular goal.  This will generally be system or implementation guide-specific.  In many systems, only the text element will be used.","http://hl7.org/fhir/ValueSet/clinical-findings|4.0.1","",,,,"Goal.description",1,1,"","ele-1:All FHIR elements must have a @value or children {hasValue() or (children().count() > id.count())}
","GOL-3.2-goal ID.text",".text","FiveWs.what[x]"
"Goal.description.id","Goal.description.id","","","",0,1,"","","","string {[]} {[]}
","Unique id for inter-element referencing","Unique id for the element within a resource (for internal references). This may be any string value that does not contain spaces.","","","","","","","","","",,,,,"",,,,"Element.id",0,1,"","","n/a"
"Goal.description.extension","Goal.description.extension","","extensions
user content","",0,*,"","","","Extension {[]} {[]}
","Additional content defined by implementations","May be used to represent additional information that is not part of the basic definition of the element. To make the use of extensions safe and manageable, there is a strict set of governance  applied to the definition and use of extensions. Though any implementer can define an extension, there is a set of requirements that SHALL be met as part of the definition of the extension.","There can be no stigma associated with the use of extensions by any application, project, or standard - regardless of the institution or jurisdiction that uses or defines the extensions.  The use of extensions is what allows the FHIR specification to retain a core level of simplicity for everyone.","","","","","","","","",,,,,"","value:url}
","Extensions are always sliced by (at least) url",,"open","Element.extension",0,*,"","ele-1:All FHIR elements must have a @value or children {hasValue() or (children().count() > id.count())}
ext-1:Must have either extensions or value[x], not both {extension.exists() != value.exists()}","n/a"
"Goal.description.coding","Goal.description.coding","","","",0,*,"","","Y","Coding {[]} {[]}
","Code defined by a terminology system","A reference to a code defined by a terminology system.","Codes may be defined very casually in enumerations, or code lists, up to very formal definitions such as SNOMED CT - see the HL7 v3 Core Principles for more information.  Ordering of codings is undefined and SHALL NOT be used to infer meaning. Generally, at most only one of the coding values will be labeled as UserSelected = true.","Allows for alternative encodings within a code system, and translations to other code systems.","","","","","","","",,,,,"",,,,"CodeableConcept.coding",0,*,"","ele-1:All FHIR elements must have a @value or children {hasValue() or (children().count() > id.count())}
","C*E.1-8, C*E.10-22","union(., ./translation)"
"Goal.description.text","Goal.description.text","","","",0,1,"","","Y","string {[]} {[]}
","Plain text representation of the concept","A human language representation of the concept as seen/selected/uttered by the user who entered the data and/or which represents the intended meaning of the user.","Very often the text is the same as a displayName of one of the codings.","The codes from the terminologies do not always capture the correct meaning with all the nuances of the human using them, or sometimes there is no appropriate code at all. In these cases, the text is used to capture the full meaning of the source.","","","","","","","",,,,,"",,,,"CodeableConcept.text",0,1,"","ele-1:All FHIR elements must have a @value or children {hasValue() or (children().count() > id.count())}
","descriptionObjectif","C*E.9. But note many systems use C*E.2 for this","./originalText[mediaType/code=""text/plain""]/data"
"Goal.subject","Goal.subject","","","",1,1,"","","Y","Reference {[]} {[CanonicalType[https://interop.esante.gouv.fr/ig/fhir/tddui/StructureDefinition/tddui-patient|2.2.0-ballot], CanonicalType[https://interop.esante.gouv.fr/ig/fhir/tddui/StructureDefinition/tddui-patient-ins|2.2.0-ballot]]}
","Who this goal is intended for","Identifies the patient, group or organization for whom the goal is being established.","","Subject is optional to support annonymized reporting.","","","","","","","",,,,,"",,,,"Goal.subject",1,1,"","ele-1:All FHIR elements must have a @value or children {hasValue() or (children().count() > id.count())}
","PID-3-patient ID list",".participation[typeCode=PAT].role[classCode=PAT]","FiveWs.subject[x]","FiveWs.subject"
"Goal.start[x]","Goal.start[x]","","","",0,1,"","","Y","date {[]} {[]}
CodeableConcept {[]} {[]}","When goal pursuit begins","The date or event after which the goal should begin being pursued.","","Goals can be established prior to there being an intention to start pursuing them; e.g. Goals for post-surgical recovery established prior to surgery.","","","","","","","",,"example","Codes describing events that can trigger the initiation of a goal.","http://hl7.org/fhir/ValueSet/goal-start-event|4.0.1","","type:$this}
","",,"open","Goal.start[x]",0,1,"","ele-1:All FHIR elements must have a @value or children {hasValue() or (children().count() > id.count())}
","FiveWs.planned"
"Goal.start[x]:startDate","Goal.start[x]","startDate","","",0,1,"","","Y","date {[]} {[]}
","When goal pursuit begins","The date or event after which the goal should begin being pursued.","","Goals can be established prior to there being an intention to start pursuing them; e.g. Goals for post-surgical recovery established prior to surgery.","","","","","","","",,,,,"",,,,"Goal.start[x]",0,1,"","ele-1:All FHIR elements must have a @value or children {hasValue() or (children().count() > id.count())}
","dateDebutObjectif","FiveWs.planned"
"Goal.target","Goal.target","","","",0,*,"","","","BackboneElement {[]} {[]}
","Target outcome for the goal","Indicates what should be done by when.","When multiple targets are present for a single goal instance, all targets must be met for the overall goal to be met.","Allows the progress of the goal to be monitored against an observation or due date.  Target is 0..* to support Observations with multiple components, such as blood pressure goals with both a systolic and diastolic target.","","","","","","","",,,,,"",,,,"Goal.target",0,*,"gol-1
","ele-1:All FHIR elements must have a @value or children {hasValue() or (children().count() > id.count())}
gol-1:Goal.target.measure is required if Goal.target.detail is populated {(detail.exists() and measure.exists()) or detail.exists().not()}"
"Goal.target.id","Goal.target.id","","","",0,1,"","","","string {[]} {[]}
","Unique id for inter-element referencing","Unique id for the element within a resource (for internal references). This may be any string value that does not contain spaces.","","","","","","","","","",,,,,"",,,,"Element.id",0,1,"","","n/a"
"Goal.target.extension","Goal.target.extension","","extensions
user content","",0,*,"","","","Extension {[]} {[]}
","Additional content defined by implementations","May be used to represent additional information that is not part of the basic definition of the element. To make the use of extensions safe and manageable, there is a strict set of governance  applied to the definition and use of extensions. Though any implementer can define an extension, there is a set of requirements that SHALL be met as part of the definition of the extension.","There can be no stigma associated with the use of extensions by any application, project, or standard - regardless of the institution or jurisdiction that uses or defines the extensions.  The use of extensions is what allows the FHIR specification to retain a core level of simplicity for everyone.","","","","","","","","",,,,,"",,,,"Element.extension",0,*,"","ele-1:All FHIR elements must have a @value or children {hasValue() or (children().count() > id.count())}
ext-1:Must have either extensions or value[x], not both {extension.exists() != value.exists()}","n/a"
"Goal.target.modifierExtension","Goal.target.modifierExtension","","extensions
user contentmodifiers","",0,*,"","Y","Y","Extension {[]} {[]}
","Extensions that cannot be ignored even if unrecognized","May be used to represent additional information that is not part of the basic definition of the element and that modifies the understanding of the element in which it is contained and/or the understanding of the containing element's descendants. Usually modifier elements provide negation or qualification. To make the use of extensions safe and manageable, there is a strict set of governance applied to the definition and use of extensions. Though any implementer can define an extension, there is a set of requirements that SHALL be met as part of the definition of the extension. Applications processing a resource are required to check for modifier extensions.

Modifier extensions SHALL NOT change the meaning of any elements on Resource or DomainResource (including cannot change the meaning of modifierExtension itself).","There can be no stigma associated with the use of extensions by any application, project, or standard - regardless of the institution or jurisdiction that uses or defines the extensions.  The use of extensions is what allows the FHIR specification to retain a core level of simplicity for everyone.","Modifier extensions allow for extensions that *cannot* be safely ignored to be clearly distinguished from the vast majority of extensions which can be safely ignored.  This promotes interoperability by eliminating the need for implementers to prohibit the presence of extensions. For further information, see the [definition of modifier extensions](http://hl7.org/fhir/R4/extensibility.html#modifierExtension).","","","","","","","",,,,,"",,,,"BackboneElement.modifierExtension",0,*,"","ele-1:All FHIR elements must have a @value or children {hasValue() or (children().count() > id.count())}
ext-1:Must have either extensions or value[x], not both {extension.exists() != value.exists()}","N/A"
"Goal.target.measure","Goal.target.measure","","","",0,1,"","","Y","CodeableConcept {[]} {[]}
","The parameter whose value is being tracked","The parameter whose value is being tracked, e.g. body weight, blood pressure, or hemoglobin A1c level.","","","","","","","","","",,"example","Codes to identify the value being tracked, e.g. body weight, blood pressure, or hemoglobin A1c level.","http://hl7.org/fhir/ValueSet/observation-codes|4.0.1","",,,,"Goal.target.measure",0,1,"gol-1
","ele-1:All FHIR elements must have a @value or children {hasValue() or (children().count() > id.count())}
"
"Goal.target.detail[x]","Goal.target.detail[x]","","","",0,1,"","","Y","Quantity {[]} {[]}
Range {[]} {[]}CodeableConcept {[]} {[]}string {[]} {[]}boolean {[]} {[]}integer {[]} {[]}Ratio {[]} {[]}","The target value to be achieved","The target value of the focus to be achieved to signify the fulfillment of the goal, e.g. 150 pounds, 7.0%. Either the high or low or both values of the range can be specified. When a low value is missing, it indicates that the goal is achieved at any focus value at or below the high value. Similarly, if the high value is missing, it indicates that the goal is achieved at any focus value at or above the low value.","A CodeableConcept with just a text would be used instead of a string if the field was usually coded, or if the type associated with the Goal.target.measure defines a coded value.","","","","","","","","",,"example","Codes to identify the target value of the focus to be achieved to signify the fulfillment of the goal.","","","type:$this}
","",,"open","Goal.target.detail[x]",0,1,"gol-1
","ele-1:All FHIR elements must have a @value or children {hasValue() or (children().count() > id.count())}
"
"Goal.target.detail[x]:detailString","Goal.target.detail[x]","detailString","","",0,1,"","","Y","string {[]} {[]}
","The target value to be achieved","The target value of the focus to be achieved to signify the fulfillment of the goal, e.g. 150 pounds, 7.0%. Either the high or low or both values of the range can be specified. When a low value is missing, it indicates that the goal is achieved at any focus value at or below the high value. Similarly, if the high value is missing, it indicates that the goal is achieved at any focus value at or above the low value.","A CodeableConcept with just a text would be used instead of a string if the field was usually coded, or if the type associated with the Goal.target.measure defines a coded value.","","","","","","","","",,"example","Codes to identify the target value of the focus to be achieved to signify the fulfillment of the goal.","","",,,,"Goal.target.detail[x]",0,1,"gol-1
","ele-1:All FHIR elements must have a @value or children {hasValue() or (children().count() > id.count())}
","resultatAttenduObjectif"
"Goal.target.due[x]","Goal.target.due[x]","","","",0,1,"","","Y","date {[]} {[]}
Duration {[]} {[]}","Reach goal on or before","Indicates either the date or the duration after start by which the goal should be met.","","Identifies when the goal should be evaluated.","","","","","","","",,,,,"","type:$this}
","",,"open","Goal.target.due[x]",0,1,"","ele-1:All FHIR elements must have a @value or children {hasValue() or (children().count() > id.count())}
","FiveWs.done[x]"
"Goal.target.due[x]:dueDate","Goal.target.due[x]","dueDate","","",0,1,"","","Y","date {[]} {[]}
","Reach goal on or before","Indicates either the date or the duration after start by which the goal should be met.","","Identifies when the goal should be evaluated.","","","","","","","",,,,,"",,,,"Goal.target.due[x]",0,1,"","ele-1:All FHIR elements must have a @value or children {hasValue() or (children().count() > id.count())}
","dateFinObjectif","FiveWs.done[x]"
"Goal.statusDate","Goal.statusDate","","","",0,1,"","","Y","date {[]} {[]}
","When goal status took effect","Identifies when the current status.  I.e. When initially created, when achieved, when cancelled, etc.","To see the date for past statuses, query history.","","","","","","","","",,,,,"",,,,"Goal.statusDate",0,1,"","ele-1:All FHIR elements must have a @value or children {hasValue() or (children().count() > id.count())}
","FiveWs.recorded"
"Goal.statusReason","Goal.statusReason","","","",0,1,"","","","string {[]} {[]}
","Reason for current status","Captures the reason for the current status.","This will typically be captured for statuses such as rejected, on-hold or cancelled, but could be present for others.","","","","","","","","",,,,,"",,,,"Goal.statusReason",0,1,"","ele-1:All FHIR elements must have a @value or children {hasValue() or (children().count() > id.count())}
"
"Goal.expressedBy","Goal.expressedBy","","","",0,1,"","","Y","Reference {[]} {[CanonicalType[https://interop.esante.gouv.fr/ig/fhir/tddui/StructureDefinition/tddui-practitioner-role|2.2.0-ballot], CanonicalType[https://interop.esante.gouv.fr/ig/fhir/tddui/StructureDefinition/tddui-practitioner|2.2.0-ballot]]}
","Who's responsible for creating Goal?","Indicates whose goal this is - patient goal, practitioner goal, etc.","This is the individual responsible for establishing the goal, not necessarily who recorded it.  (For that, use the Provenance resource.).","","","","","","","","",,,,,"",,,,"Goal.expressedBy",0,1,"","ele-1:All FHIR elements must have a @value or children {hasValue() or (children().count() > id.count())}
","referentObjectif","FiveWs.source"
"Goal.addresses","Goal.addresses","","","",0,*,"","","","Reference {[]} {[CanonicalType[https://interop.esante.gouv.fr/ig/fhir/tddui/StructureDefinition/tddui-service-request-besoin|2.2.0-ballot]]}
","Issues addressed by this goal","The identified conditions and other health record elements that are intended to be addressed by the goal.","","Allows specific goals to explicitly linked to the concerns they're dealing with - makes the goal more understandable.","","","","","","","",,,,,"",,,,"Goal.addresses",0,*,"","ele-1:All FHIR elements must have a @value or children {hasValue() or (children().count() > id.count())}
","Besoin",".outboundRelationship[typeCode=SUBJ].target[classCode=CONC]","FiveWs.why[x]"
"Goal.note","Goal.note","","","",1,*,"","","","Annotation {[]} {[]}
","Comments about the goal","Any comments related to the goal.","May be used for progress notes, concerns or other related information that doesn't actually describe the goal itself.","There's a need to capture information about the goal that doesn't actually describe the goal.","","","","","","","",,,,,"","pattern:extension('https://interop.esante.gouv.fr/ig/fhir/tddui/StructureDefinition/tddui-discriminator').value}
","",,"open","Goal.note",0,*,"","ele-1:All FHIR elements must have a @value or children {hasValue() or (children().count() > id.count())}
","GOL-16-goal evaluation + NTE?",".inboundRelationship[typeCode=SUBJ].source[classCode=OBS, moodCode=EVN, code=""annotation""].value"
"Goal.note.id","Goal.note.id","","","",0,1,"","","","string {[]} {[]}
","Unique id for inter-element referencing","Unique id for the element within a resource (for internal references). This may be any string value that does not contain spaces.","","","","","","","","","",,,,,"",,,,"Element.id",0,1,"","","n/a"
"Goal.note.extension","Goal.note.extension","","","",1,*,"","","","Extension {[]} {[]}
","Extension","An Extension","","","","","","","","","",,,,,"","value:url}
","Extensions are always sliced by (at least) url",,"open","Element.extension",0,*,"","ele-1:All FHIR elements must have a @value or children {hasValue() or (children().count() > id.count())}
ext-1:Must have either extensions or value[x], not both {extension.exists() != value.exists()}"
"Goal.note.extension:TDDUIDiscriminator","Goal.note.extension","TDDUIDiscriminator","","",1,3,"","","","Extension {[CanonicalType[https://interop.esante.gouv.fr/ig/fhir/tddui/StructureDefinition/tddui-discriminator|2.2.0-ballot]]} {[]}
","TDDUI Discriminator Extension","Extension pour discriminer les éléments CarePlan.supportingInfo et Goal.note.","","","","","","","","","",,,,,"",,,,"Element.extension",0,*,"","ele-1:All FHIR elements must have a @value or children {hasValue() or (children().count() > id.count())}
ext-1:Must have either extensions or value[x], not both {extension.exists() != value.exists()}"
"Goal.note.author[x]","Goal.note.author[x]","","","",0,1,"","","Y","Reference {[]} {[CanonicalType[http://hl7.org/fhir/StructureDefinition/Practitioner|4.0.1], CanonicalType[http://hl7.org/fhir/StructureDefinition/Patient|4.0.1], CanonicalType[http://hl7.org/fhir/StructureDefinition/RelatedPerson|4.0.1], CanonicalType[http://hl7.org/fhir/StructureDefinition/Organization|4.0.1]]}
string {[]} {[]}","Individual responsible for the annotation","The individual responsible for making the annotation.","Organization is used when there's no need for specific attribution as to who made the comment.","","","","","","","","",,,,,"",,,,"Annotation.author[x]",0,1,"","ele-1:All FHIR elements must have a @value or children {hasValue() or (children().count() > id.count())}
","N/A","Act.participant[typeCode=AUT].role"
"Goal.note.time","Goal.note.time","","","",0,1,"","","Y","dateTime {[]} {[]}
","When the annotation was made","Indicates when this particular annotation was made.","","","","","","","","","",,,,,"",,,,"Annotation.time",0,1,"","ele-1:All FHIR elements must have a @value or children {hasValue() or (children().count() > id.count())}
","N/A","Act.effectiveTime"
"Goal.note.text","Goal.note.text","","","",1,1,"","","Y","markdown {[]} {[]}
","The annotation  - text content (as markdown)","The text of the annotation in markdown format.","","","","","","","","","",,,,,"",,,,"Annotation.text",1,1,"","ele-1:All FHIR elements must have a @value or children {hasValue() or (children().count() > id.count())}
","N/A","Act.text"
"Goal.note:titreObjectif","Goal.note","titreObjectif","","",1,1,"","","","Annotation {[]} {[]}
","Titre de l'objectif","Any comments related to the goal.","May be used for progress notes, concerns or other related information that doesn't actually describe the goal itself.","There's a need to capture information about the goal that doesn't actually describe the goal.","","","","","","","",,,,,"",,,,"Goal.note",0,*,"","ele-1:All FHIR elements must have a @value or children {hasValue() or (children().count() > id.count())}
","GOL-16-goal evaluation + NTE?",".inboundRelationship[typeCode=SUBJ].source[classCode=OBS, moodCode=EVN, code=""annotation""].value"
"Goal.note:titreObjectif.id","Goal.note.id","","","",0,1,"","","","string {[]} {[]}
","Unique id for inter-element referencing","Unique id for the element within a resource (for internal references). This may be any string value that does not contain spaces.","","","","","","","","","",,,,,"",,,,"Element.id",0,1,"","","n/a"
"Goal.note:titreObjectif.extension","Goal.note.extension","","","",1,*,"","","","Extension {[]} {[]}
","Extension","An Extension","","","","","","","","","",,,,,"","value:url}
","Extensions are always sliced by (at least) url",,"open","Element.extension",0,*,"","ele-1:All FHIR elements must have a @value or children {hasValue() or (children().count() > id.count())}
ext-1:Must have either extensions or value[x], not both {extension.exists() != value.exists()}"
"Goal.note:titreObjectif.extension:TDDUIDiscriminator","Goal.note.extension","TDDUIDiscriminator","","",1,1,"","","","Extension {[CanonicalType[https://interop.esante.gouv.fr/ig/fhir/tddui/StructureDefinition/tddui-discriminator|2.2.0-ballot]]} {[]}
","TDDUI Discriminator Extension","Extension pour discriminer les éléments CarePlan.supportingInfo et Goal.note.","","","","","","","","","",,,,,"",,,,"Element.extension",0,*,"","ele-1:All FHIR elements must have a @value or children {hasValue() or (children().count() > id.count())}
ext-1:Must have either extensions or value[x], not both {extension.exists() != value.exists()}"
"Goal.note:titreObjectif.extension:TDDUIDiscriminator.id","Goal.note.extension.id","","","",0,1,"","","","string {[]} {[]}
","Unique id for inter-element referencing","Unique id for the element within a resource (for internal references). This may be any string value that does not contain spaces.","","","","","","","","","",,,,,"",,,,"Element.id",0,1,"","","n/a"
"Goal.note:titreObjectif.extension:TDDUIDiscriminator.extension","Goal.note.extension.extension","","","",0,0,"","","","Extension {[]} {[]}
","Extension","An Extension","","","","","","","","","",,,,,"","value:url}
","Extensions are always sliced by (at least) url",,"open","Element.extension",0,*,"","ele-1:All FHIR elements must have a @value or children {hasValue() or (children().count() > id.count())}
ext-1:Must have either extensions or value[x], not both {extension.exists() != value.exists()}"
"Goal.note:titreObjectif.extension:TDDUIDiscriminator.url","Goal.note.extension.url","","","",1,1,"","","","uri {[]} {[]}
","identifies the meaning of the extension","Source of the definition for the extension code - a logical name or a URL.","The definition may point directly to a computable or human-readable definition of the extensibility codes, or it may be a logical URI as declared in some other specification. The definition SHALL be a URI for the Structure Definition defining the extension.","","","","<valueUri xmlns=""http://hl7.org/fhir"" value=""https://interop.esante.gouv.fr/ig/fhir/tddui/StructureDefinition/tddui-discriminator""/>","","","","",,,,,"",,,,"Extension.url",1,1,"","","N/A"
"Goal.note:titreObjectif.extension:TDDUIDiscriminator.value[x]","Goal.note.extension.value[x]","","","",0,1,"","","","CodeableConcept {[]} {[]}
","Value of extension","Value of extension - must be one of a constrained set of the data types (see [Extensibility](http://hl7.org/fhir/R4/extensibility.html) for a list).","","","","","","<valueCodeableConcept xmlns=""http://hl7.org/fhir"">
  <coding>
    <system value=""https://interop.esante.gouv.fr/ig/fhir/tddui/CodeSystem/tddui-discriminator-cs""/>
    <code value=""titreObjectif""/>
  </coding>
</valueCodeableConcept>","","","",,"required","","https://interop.esante.gouv.fr/ig/fhir/tddui/ValueSet/tddui-goal-objectif-note-vs|2.2.0-ballot","",,,,"Extension.value[x]",0,1,"","ele-1:All FHIR elements must have a @value or children {hasValue() or (children().count() > id.count())}
","N/A"
"Goal.note:titreObjectif.author[x]","Goal.note.author[x]","","","",0,1,"","","Y","Reference {[]} {[CanonicalType[http://hl7.org/fhir/StructureDefinition/Practitioner|4.0.1], CanonicalType[http://hl7.org/fhir/StructureDefinition/Patient|4.0.1], CanonicalType[http://hl7.org/fhir/StructureDefinition/RelatedPerson|4.0.1], CanonicalType[http://hl7.org/fhir/StructureDefinition/Organization|4.0.1]]}
string {[]} {[]}","Individual responsible for the annotation","The individual responsible for making the annotation.","Organization is used when there's no need for specific attribution as to who made the comment.","","","","","","","","",,,,,"",,,,"Annotation.author[x]",0,1,"","ele-1:All FHIR elements must have a @value or children {hasValue() or (children().count() > id.count())}
","N/A","Act.participant[typeCode=AUT].role"
"Goal.note:titreObjectif.time","Goal.note.time","","","",0,1,"","","Y","dateTime {[]} {[]}
","When the annotation was made","Indicates when this particular annotation was made.","","","","","","","","","",,,,,"",,,,"Annotation.time",0,1,"","ele-1:All FHIR elements must have a @value or children {hasValue() or (children().count() > id.count())}
","N/A","Act.effectiveTime"
"Goal.note:titreObjectif.text","Goal.note.text","","","",1,1,"","","Y","markdown {[]} {[]}
","The annotation  - text content (as markdown)","The text of the annotation in markdown format.","","","","","","","","","",,,,,"",,,,"Annotation.text",1,1,"","ele-1:All FHIR elements must have a @value or children {hasValue() or (children().count() > id.count())}
","titreObjectif","N/A","Act.text"
"Goal.note:avisUsagerObjectif","Goal.note","avisUsagerObjectif","","",0,1,"","","","Annotation {[]} {[]}
","Avis de l'usager sur l'objectif","Any comments related to the goal.","May be used for progress notes, concerns or other related information that doesn't actually describe the goal itself.","There's a need to capture information about the goal that doesn't actually describe the goal.","","","","","","","",,,,,"",,,,"Goal.note",0,*,"","ele-1:All FHIR elements must have a @value or children {hasValue() or (children().count() > id.count())}
","GOL-16-goal evaluation + NTE?",".inboundRelationship[typeCode=SUBJ].source[classCode=OBS, moodCode=EVN, code=""annotation""].value"
"Goal.note:avisUsagerObjectif.id","Goal.note.id","","","",0,1,"","","","string {[]} {[]}
","Unique id for inter-element referencing","Unique id for the element within a resource (for internal references). This may be any string value that does not contain spaces.","","","","","","","","","",,,,,"",,,,"Element.id",0,1,"","","n/a"
"Goal.note:avisUsagerObjectif.extension","Goal.note.extension","","","",1,*,"","","","Extension {[]} {[]}
","Extension","An Extension","","","","","","","","","",,,,,"","value:url}
","Extensions are always sliced by (at least) url",,"open","Element.extension",0,*,"","ele-1:All FHIR elements must have a @value or children {hasValue() or (children().count() > id.count())}
ext-1:Must have either extensions or value[x], not both {extension.exists() != value.exists()}"
"Goal.note:avisUsagerObjectif.extension:TDDUIDiscriminator","Goal.note.extension","TDDUIDiscriminator","","",1,1,"","","","Extension {[CanonicalType[https://interop.esante.gouv.fr/ig/fhir/tddui/StructureDefinition/tddui-discriminator|2.2.0-ballot]]} {[]}
","TDDUI Discriminator Extension","Extension pour discriminer les éléments CarePlan.supportingInfo et Goal.note.","","","","","","","","","",,,,,"",,,,"Element.extension",0,*,"","ele-1:All FHIR elements must have a @value or children {hasValue() or (children().count() > id.count())}
ext-1:Must have either extensions or value[x], not both {extension.exists() != value.exists()}"
"Goal.note:avisUsagerObjectif.extension:TDDUIDiscriminator.id","Goal.note.extension.id","","","",0,1,"","","","string {[]} {[]}
","Unique id for inter-element referencing","Unique id for the element within a resource (for internal references). This may be any string value that does not contain spaces.","","","","","","","","","",,,,,"",,,,"Element.id",0,1,"","","n/a"
"Goal.note:avisUsagerObjectif.extension:TDDUIDiscriminator.extension","Goal.note.extension.extension","","","",0,0,"","","","Extension {[]} {[]}
","Extension","An Extension","","","","","","","","","",,,,,"","value:url}
","Extensions are always sliced by (at least) url",,"open","Element.extension",0,*,"","ele-1:All FHIR elements must have a @value or children {hasValue() or (children().count() > id.count())}
ext-1:Must have either extensions or value[x], not both {extension.exists() != value.exists()}"
"Goal.note:avisUsagerObjectif.extension:TDDUIDiscriminator.url","Goal.note.extension.url","","","",1,1,"","","","uri {[]} {[]}
","identifies the meaning of the extension","Source of the definition for the extension code - a logical name or a URL.","The definition may point directly to a computable or human-readable definition of the extensibility codes, or it may be a logical URI as declared in some other specification. The definition SHALL be a URI for the Structure Definition defining the extension.","","","","<valueUri xmlns=""http://hl7.org/fhir"" value=""https://interop.esante.gouv.fr/ig/fhir/tddui/StructureDefinition/tddui-discriminator""/>","","","","",,,,,"",,,,"Extension.url",1,1,"","","N/A"
"Goal.note:avisUsagerObjectif.extension:TDDUIDiscriminator.value[x]","Goal.note.extension.value[x]","","","",0,1,"","","","CodeableConcept {[]} {[]}
","Value of extension","Value of extension - must be one of a constrained set of the data types (see [Extensibility](http://hl7.org/fhir/R4/extensibility.html) for a list).","","","","","","<valueCodeableConcept xmlns=""http://hl7.org/fhir"">
  <coding>
    <system value=""https://interop.esante.gouv.fr/ig/fhir/tddui/CodeSystem/tddui-discriminator-cs""/>
    <code value=""avisUsagerObjectif""/>
  </coding>
</valueCodeableConcept>","","","",,"required","","https://interop.esante.gouv.fr/ig/fhir/tddui/ValueSet/tddui-goal-objectif-note-vs|2.2.0-ballot","",,,,"Extension.value[x]",0,1,"","ele-1:All FHIR elements must have a @value or children {hasValue() or (children().count() > id.count())}
","N/A"
"Goal.note:avisUsagerObjectif.author[x]","Goal.note.author[x]","","","",0,1,"","","Y","Reference {[]} {[CanonicalType[http://hl7.org/fhir/StructureDefinition/Practitioner|4.0.1], CanonicalType[http://hl7.org/fhir/StructureDefinition/Patient|4.0.1], CanonicalType[http://hl7.org/fhir/StructureDefinition/RelatedPerson|4.0.1], CanonicalType[http://hl7.org/fhir/StructureDefinition/Organization|4.0.1]]}
string {[]} {[]}","Individual responsible for the annotation","The individual responsible for making the annotation.","Organization is used when there's no need for specific attribution as to who made the comment.","","","","","","","","",,,,,"",,,,"Annotation.author[x]",0,1,"","ele-1:All FHIR elements must have a @value or children {hasValue() or (children().count() > id.count())}
","N/A","Act.participant[typeCode=AUT].role"
"Goal.note:avisUsagerObjectif.time","Goal.note.time","","","",0,1,"","","Y","dateTime {[]} {[]}
","When the annotation was made","Indicates when this particular annotation was made.","","","","","","","","","",,,,,"",,,,"Annotation.time",0,1,"","ele-1:All FHIR elements must have a @value or children {hasValue() or (children().count() > id.count())}
","N/A","Act.effectiveTime"
"Goal.note:avisUsagerObjectif.text","Goal.note.text","","","",1,1,"","","Y","markdown {[]} {[]}
","The annotation  - text content (as markdown)","The text of the annotation in markdown format.","","","","","","","","","",,,,,"",,,,"Annotation.text",1,1,"","ele-1:All FHIR elements must have a @value or children {hasValue() or (children().count() > id.count())}
","avisUsagerObjectif","N/A","Act.text"
"Goal.note:strategieMiseEnOeuvreObjectif","Goal.note","strategieMiseEnOeuvreObjectif","","",0,1,"","","","Annotation {[]} {[]}
","Stratégie de mise en œuvre de l'objectif","Any comments related to the goal.","May be used for progress notes, concerns or other related information that doesn't actually describe the goal itself.","There's a need to capture information about the goal that doesn't actually describe the goal.","","","","","","","",,,,,"",,,,"Goal.note",0,*,"","ele-1:All FHIR elements must have a @value or children {hasValue() or (children().count() > id.count())}
","GOL-16-goal evaluation + NTE?",".inboundRelationship[typeCode=SUBJ].source[classCode=OBS, moodCode=EVN, code=""annotation""].value"
"Goal.note:strategieMiseEnOeuvreObjectif.id","Goal.note.id","","","",0,1,"","","","string {[]} {[]}
","Unique id for inter-element referencing","Unique id for the element within a resource (for internal references). This may be any string value that does not contain spaces.","","","","","","","","","",,,,,"",,,,"Element.id",0,1,"","","n/a"
"Goal.note:strategieMiseEnOeuvreObjectif.extension","Goal.note.extension","","","",1,*,"","","","Extension {[]} {[]}
","Extension","An Extension","","","","","","","","","",,,,,"","value:url}
","Extensions are always sliced by (at least) url",,"open","Element.extension",0,*,"","ele-1:All FHIR elements must have a @value or children {hasValue() or (children().count() > id.count())}
ext-1:Must have either extensions or value[x], not both {extension.exists() != value.exists()}"
"Goal.note:strategieMiseEnOeuvreObjectif.extension:TDDUIDiscriminator","Goal.note.extension","TDDUIDiscriminator","","",1,1,"","","","Extension {[CanonicalType[https://interop.esante.gouv.fr/ig/fhir/tddui/StructureDefinition/tddui-discriminator|2.2.0-ballot]]} {[]}
","TDDUI Discriminator Extension","Extension pour discriminer les éléments CarePlan.supportingInfo et Goal.note.","","","","","","","","","",,,,,"",,,,"Element.extension",0,*,"","ele-1:All FHIR elements must have a @value or children {hasValue() or (children().count() > id.count())}
ext-1:Must have either extensions or value[x], not both {extension.exists() != value.exists()}"
"Goal.note:strategieMiseEnOeuvreObjectif.extension:TDDUIDiscriminator.id","Goal.note.extension.id","","","",0,1,"","","","string {[]} {[]}
","Unique id for inter-element referencing","Unique id for the element within a resource (for internal references). This may be any string value that does not contain spaces.","","","","","","","","","",,,,,"",,,,"Element.id",0,1,"","","n/a"
"Goal.note:strategieMiseEnOeuvreObjectif.extension:TDDUIDiscriminator.extension","Goal.note.extension.extension","","","",0,0,"","","","Extension {[]} {[]}
","Extension","An Extension","","","","","","","","","",,,,,"","value:url}
","Extensions are always sliced by (at least) url",,"open","Element.extension",0,*,"","ele-1:All FHIR elements must have a @value or children {hasValue() or (children().count() > id.count())}
ext-1:Must have either extensions or value[x], not both {extension.exists() != value.exists()}"
"Goal.note:strategieMiseEnOeuvreObjectif.extension:TDDUIDiscriminator.url","Goal.note.extension.url","","","",1,1,"","","","uri {[]} {[]}
","identifies the meaning of the extension","Source of the definition for the extension code - a logical name or a URL.","The definition may point directly to a computable or human-readable definition of the extensibility codes, or it may be a logical URI as declared in some other specification. The definition SHALL be a URI for the Structure Definition defining the extension.","","","","<valueUri xmlns=""http://hl7.org/fhir"" value=""https://interop.esante.gouv.fr/ig/fhir/tddui/StructureDefinition/tddui-discriminator""/>","","","","",,,,,"",,,,"Extension.url",1,1,"","","N/A"
"Goal.note:strategieMiseEnOeuvreObjectif.extension:TDDUIDiscriminator.value[x]","Goal.note.extension.value[x]","","","",0,1,"","","","CodeableConcept {[]} {[]}
","Value of extension","Value of extension - must be one of a constrained set of the data types (see [Extensibility](http://hl7.org/fhir/R4/extensibility.html) for a list).","","","","","","<valueCodeableConcept xmlns=""http://hl7.org/fhir"">
  <coding>
    <system value=""https://interop.esante.gouv.fr/ig/fhir/tddui/CodeSystem/tddui-discriminator-cs""/>
    <code value=""strategieMiseEnOeuvreObjectif""/>
  </coding>
</valueCodeableConcept>","","","",,"required","","https://interop.esante.gouv.fr/ig/fhir/tddui/ValueSet/tddui-goal-objectif-note-vs|2.2.0-ballot","",,,,"Extension.value[x]",0,1,"","ele-1:All FHIR elements must have a @value or children {hasValue() or (children().count() > id.count())}
","N/A"
"Goal.note:strategieMiseEnOeuvreObjectif.author[x]","Goal.note.author[x]","","","",0,1,"","","Y","Reference {[]} {[CanonicalType[http://hl7.org/fhir/StructureDefinition/Practitioner|4.0.1], CanonicalType[http://hl7.org/fhir/StructureDefinition/Patient|4.0.1], CanonicalType[http://hl7.org/fhir/StructureDefinition/RelatedPerson|4.0.1], CanonicalType[http://hl7.org/fhir/StructureDefinition/Organization|4.0.1]]}
string {[]} {[]}","Individual responsible for the annotation","The individual responsible for making the annotation.","Organization is used when there's no need for specific attribution as to who made the comment.","","","","","","","","",,,,,"",,,,"Annotation.author[x]",0,1,"","ele-1:All FHIR elements must have a @value or children {hasValue() or (children().count() > id.count())}
","N/A","Act.participant[typeCode=AUT].role"
"Goal.note:strategieMiseEnOeuvreObjectif.time","Goal.note.time","","","",0,1,"","","Y","dateTime {[]} {[]}
","When the annotation was made","Indicates when this particular annotation was made.","","","","","","","","","",,,,,"",,,,"Annotation.time",0,1,"","ele-1:All FHIR elements must have a @value or children {hasValue() or (children().count() > id.count())}
","N/A","Act.effectiveTime"
"Goal.note:strategieMiseEnOeuvreObjectif.text","Goal.note.text","","","",1,1,"","","Y","markdown {[]} {[]}
","The annotation  - text content (as markdown)","The text of the annotation in markdown format.","","","","","","","","","",,,,,"",,,,"Annotation.text",1,1,"","ele-1:All FHIR elements must have a @value or children {hasValue() or (children().count() > id.count())}
","strategieMiseEnOeuvreObjectif","N/A","Act.text"
"Goal.outcomeCode","Goal.outcomeCode","","","",0,*,"","","","CodeableConcept {[]} {[]}
","What result was achieved regarding the goal?","Identifies the change (or lack of change) at the point when the status of the goal is assessed.","Note that this should not duplicate the goal status.","Outcome tracking is a key aspect of care planning.","","","","","","","",,"example","The result of the goal; e.g. ""25% increase in shoulder mobility"", ""Anxiety reduced to moderate levels"".  ""15 kg weight loss sustained over 6 months"".","http://hl7.org/fhir/ValueSet/clinical-findings|4.0.1","",,,,"Goal.outcomeCode",0,*,"","ele-1:All FHIR elements must have a @value or children {hasValue() or (children().count() > id.count())}
"
"Goal.outcomeReference","Goal.outcomeReference","","","",0,*,"","","","Reference {[]} {[CanonicalType[http://hl7.org/fhir/StructureDefinition/Observation|4.0.1]]}
","Observation that resulted from goal","Details of what's changed (or not changed).","The goal outcome is independent of the outcome of the related activities.  For example, if the Goal is to achieve a target body weight of 150 lb and a care plan activity is defined to diet, then the care plan’s activity outcome could be calories consumed whereas goal outcome is an observation for the actual body weight measured.","Outcome tracking is a key aspect of care planning.","","","","","","","",,,,,"",,,,"Goal.outcomeReference",0,*,"","ele-1:All FHIR elements must have a @value or children {hasValue() or (children().count() > id.count())}
"
